Keywords,HashTags
supply chain management solutions,#supplychain
supply chain services and solutions,#IoT
supply chain analytics,#BlockChain
predictive analytics for supply chain,#SCC
supply chain analytics services,#SupplyChainManagement
advanced analytics solutions,#DigitalTransformation
neo analytics,#Transformation
scm diagnostics services,#supplychains
enterprise mobility management services,#predictive
oracle cloud integration service,#IBP
procurement solutions,#realtime
sourcing and procurement services,#SAP
sap procurement solutions,#cognitiveplanning
project driven supply chain solutions,#Sustainability
warehouse management solutions,#optimization
oracle integration cloud services,#BusinessAnalytics
oracle data integrator cloud,#Analytics
SAP HANA Migration,#Bigdata
sap s/4hana integration,#SCM
CPG and Retail supply chain,#Chatbots
discrete manufacturing solution,#procurement
automotive supply chain solutions,#IoE
Supply chain analytics for Discrete Manufacturing,#digitization
supply chain for high tech industry,#automation
